Date,AAPL,ABBV,AMT,AMZN,BAC,BRK-B,CAT,COST,CVX,DUK,GOOG,GS,HD,HON,JNJ,JPM,KO,LIN,LLY,META,MSFT,NEE,NVDA,PFE,PG,TSLA,UNH,UNP,V,XOM
2016-06-01,-0.03683119203698082,-0.016208809112703504,0.07402158831778216,-0.009919933525815994,-0.10277211560610333,0.030240502369650812,0.045510776124596086,0.05558865343309338,0.04889228930574041,0.10813648567561374,-0.05928882475493491,-0.064527785200451,-0.028525034591905696,0.027196489177318428,0.0840895068413492,-0.047954739199898455,0.016367955343016938,0.023029083747843293,0.0565896618591577,-0.038128046324321985,-0.02777570095292725,0.09356939303886858,0.008820170132912253,0.023784371576163643,0.04479227139645148,-0.04905251604174787,0.056332672784809024,0.04326727191403523,-0.05876206514320259,0.06187164390937783
2016-07-01,0.09006296888259757,0.06977881861868851,0.024056379228269753,0.06035326650727413,0.09564069516384,-0.003591332535282876,0.09167655950406717,0.0648245606459692,-0.022417478656288514,-0.002331510985394747,0.11080770999185008,0.06885121192719401,0.08262167190293623,8.628635583152189e-05,0.0323993197057979,0.0294495899606686,-0.03012182114057005,0.04400746852034465,0.05257160925560189,0.084529381637106,0.10768029156006453,-0.01618115335125936,0.2146348584861213,0.047713656743759714,0.010865538327005986,0.10603918690237002,0.018782779063028388,0.06647537961158001,0.0523122250484922,-0.05109878767048981
2016-08-01,0.018136452364587274,-0.023664349190390843,-0.020644542789753584,0.013639826927226206,0.11387182702347487,0.04311361361684263,-0.00024815936898803237,-0.03067865593696617,-0.018539674956238428,-0.06928396406785953,-0.0022632155730842873,0.06706188992150142,-0.029803124909975387,0.003266541011465618,-0.04703356158808736,0.06339616088109823,-0.004583857897496935,0.04719410703560811,-0.06201021613038549,0.017589023843608942,0.01376144245432842,-0.05729199488030534,0.07425607780902088,-0.056654745640494886,0.028089663327532266,-0.09702290457247609,-0.04992990481074544,0.026652600488288103,0.036514881434667634,-0.0203485428771224
2016-09-01,0.07127634489726264,-0.016068616869843066,-0.00044103115129678905,0.08860318280928281,-0.02584691377031556,-0.04000268491407821,0.0832216049678447,-0.05657337912591154,0.034046709694040445,0.015012836795551099,0.013349767333743934,-0.04460860049350346,-0.035640456763462613,0.004111790271721594,-0.003535641053583727,-0.01348148753006484,-0.02555797199743015,-0.009914700102443108,0.03886075736613437,0.01704734489548132,0.008684437200815687,0.01852771972128675,0.11911068183920093,-0.018633903299988708,0.027946200230401175,-0.037639705293445846,0.029033164102268305,0.026873222846722777,0.02402367456679011,0.010147823492326236
2016-10-01,0.004334271483185548,-0.1155857908678497,0.03913669782660412,-0.05671734948914742,0.054313064593159543,-0.001176702204671587,-0.05981783535828111,-0.03042458240606949,0.017780738495529747,-0.00024987402623810606,0.009327338888068137,0.10522719059039987,-0.05183408625209729,-0.054255130792985606,-0.018115567359639373,0.040096392018933,0.010075368544073093,-0.025279020878557046,-0.07999040352299303,0.021205096819586267,0.04027768729805015,0.04643527055609531,0.038529225909602394,-0.06377313200465518,-0.03286887505384617,-0.03087781715857929,0.014161619497695455,-0.09586778502204141,-0.002297093454429966,-0.04537089351099133
2016-11-01,-0.02659843453827271,0.10004641242403478,-0.1273147613490332,-0.0496949044026711,0.2800008067083233,0.0910602849047435,0.15508710140614657,0.015148876405179479,0.06501186378535206,-0.07810546602291091,-0.03377771624902559,0.230307604515662,0.0605687050708732,0.03884040058636562,-0.040434403254992146,0.16593656935054524,-0.04834905096031927,0.027678308506383864,-0.09100719077845898,-0.0959614530513282,0.005674351788531817,-0.10757809719451272,0.29567153451265327,0.013560388629726416,-0.04266525314848235,-0.04212813918696334,0.12021522292741982,0.1491267556452569,-0.06290160579424608,0.047767422975671714
2016-12-01,0.05333549683309169,0.02993435032373526,0.03334318645914891,-0.0009326204826226592,0.050283245045656066,0.03518796494045162,-0.029510416358232594,0.06990065354357489,0.065599945098477,0.0641721229662422,0.01817841423660882,0.09531756540971426,0.041668754880117786,0.02277605236028446,0.042282885771593115,0.07633782005176615,0.03619586702514055,-0.025852112580763698,0.10297425468060273,-0.02845801249541502,0.03816411451811774,0.0538027366127114,0.15943388200171604,0.020657462290143425,0.01964514361069436,0.1282470872400494,0.014889087872079543,0.029290249470802276,0.011176766091914647,0.04306085787474512
2017-01-01,0.04774627765479034,-0.024113825430978064,-0.01527047554751082,0.0981636831579693,0.024434543099929984,0.007117460378687213,0.0314861550319363,0.023983409860681038,-0.05395091192932144,0.01185289813632373,0.03235203514124607,-0.04230558818448249,0.026104005644232542,0.02132045076632072,-0.01701220751581234,-0.01923739561693405,0.0026529997800122107,0.017045136246759185,0.0473146440649459,0.13272495564887388,0.04039289303940041,0.035660463051848224,0.022859258579319475,-0.02309087479972949,0.04186538168364029,0.1789508297421598,0.012871714630470654,0.027971049982216112,0.06011344431226773,-0.07057349052516171
2017-02-01,0.12888344873059587,0.022155757644493734,0.10908215433723889,0.026181549535707394,0.09010555732516656,0.0443523748407908,0.018837809972174435,0.0806954314431354,0.010327662429330475,0.05105677332054159,0.033158207417536056,0.08171993579950332,0.05327815580560524,0.05223125199830991,0.07911707239134458,0.07670320104972816,0.00938175322734991,0.0022798869039217795,0.07503558855614267,0.04005522205115297,-0.010363473955796954,0.05884251934169704,-0.07052545348198325,0.07532288164652856,0.04785112677390613,-0.007700561188844546,0.020234368493130983,0.012760170446905361,0.0632327497299423,-0.030635953677690897
2017-03-01,0.05323654379876541,0.05368745879331516,0.058802905841733644,0.049110120630820875,-0.04416503956956608,-0.027651414909551475,-0.04034747906381353,-0.05101193943736304,-0.03646398438738996,0.004463548406768325,0.007713521326063066,-0.0715132712399199,0.013249748359355662,0.008348765045662843,0.025890823298069687,-0.03067758531105691,0.011439810625958113,-0.0009265469515594704,0.02253434682479738,0.04803005814319605,0.03562482168757364,-0.01256197595926234,0.07476789677504048,0.012852372555704372,-0.013396562058980654,0.11324450226739402,-0.00828386180440388,-0.013118098856297111,0.0124988871990801,0.01770735291747716
2017-04-01,-6.99882709311872e-05,0.01197031473352217,0.03620209669722518,0.043370871588667814,-0.007582157146583501,-0.008819210622197593,0.1024144253234347,0.05862023798512972,-0.0062406796332138414,0.005974973897601377,0.09209714124692026,-0.02577014799600741,0.06960437582259349,0.05021213280612047,-0.008671189120682987,-0.009562737178220315,0.02570355034951488,0.06083200367635078,-0.024372913952446118,0.05772617269296565,0.03947765335913345,0.04042987593831948,-0.04250416898128795,-0.008476910403289684,-0.028046699753413007,0.12853035120778755,0.07025098546303421,0.057024149120019185,0.02644292657621561,-0.0043899230680011225
2017-05-01,0.06341817907654757,0.011174052312182381,0.04700229438507342,0.0752764613149639,-0.039845573231890086,0.0004236551212719597,0.0395633060852445,0.01639230838613459,-0.030177679169237637,0.03854527248166373,0.06501385985146424,-0.05603252177033091,-0.016592356149937038,0.014107194677038137,0.03871392837088439,-0.05032155715922182,0.053765529585668714,0.0584891026308072,-0.030343820261493515,0.008053438071801144,0.02015762558909051,0.0589999435237365,0.3839884196178971,-0.037441082539928616,0.01642637362982291,0.08577703460392128,0.0017152674264742096,-0.014826945853865348,0.04395946604191958,-0.014084469706852065
2017-06-01,-0.05332239735660338,0.09830351511453217,0.008613261717016263,-0.026763939876424114,0.08610804010402262,0.024745863795365253,0.019254900131128627,-0.07511575568165052,0.018469809862246667,-0.014253528274935312,-0.05817430375622501,0.053900842518948444,0.005057879943889398,0.007330159461414798,0.03834115937146798,0.11259894474675103,-0.013635075475142755,0.001965384852828045,0.04098877191751682,-0.003169321407408554,-0.007372374023471684,-0.0022637117762489556,0.0025095763676468152,0.03874796627199606,-0.010670558366844718,0.06040877199179162,0.05845452376159743,-0.007126159554730949,-0.013478487370034653,0.012327395449532874
2017-07-01,0.03270410267159307,-0.03585683577245524,0.035382683084564714,0.020433850865833714,-0.005770672842905555,0.03306374366747167,0.06039412646949471,-0.008879526674521077,0.046583089773262865,0.01830361397250635,0.023956497397898735,0.015457548945071897,-0.024771509306229733,0.02123203127087092,0.003250856552881043,0.004376486010193137,0.030485125528874946,-0.012333897275340178,0.0043741115748126,0.12100953167490736,0.054693229798994825,0.04253159813096974,0.12416911000221842,-0.012801141292919649,0.04211127027005035,-0.1054727025516281,0.03873426764143706,-0.054632276660683154,0.06163345191412972,-0.008546889071465391
2017-08-01,0.10266930304811162,0.0867805848139529,0.08596857823569182,-0.007268848531284733,-0.009535797431411308,0.03537750699103159,0.03850888192759272,-0.011165648375145887,-0.0143784909163025,0.02561088022148339,0.00948951197055381,-0.007056453014063324,0.001804534938894209,0.01579490816798068,-0.0026374583765697013,-0.004466636435589089,-0.006326834134575687,0.010602317690238117,-0.016574133906552935,0.01607081411168476,0.028472976428550956,0.030255462063430105,0.042643742518208905,0.022919225781905972,0.023936301657821568,0.10025662262199075,0.03696353560455101,0.022727540220218945,0.03977496273086478,-0.046352058404287244
2017-09-01,-0.05655378927622179,0.1800796601028789,-0.0767988777953893,-0.019630792069039615,0.06612071870933245,0.011923181819636586,0.06145165275134046,0.051520296660150455,0.10277404827152203,-0.028768976555370696,0.021057544026529262,0.06373485467802964,0.09779987947389612,0.030080437396358572,-0.01158081031781466,0.05083040020083196,-0.011854977484195728,0.0623382445721381,0.05899313685260732,-0.006396528424126635,0.0015632560891880587,-0.01992373345904186,0.05599287090033722,0.06275686673901659,-0.013980999130549399,-0.041584754245049704,-0.015334366828470003,0.10773936333993928,0.018252204705553776,0.08443115126956857
2017-10-01,0.09680768786904803,0.015642250549172232,0.056315803562398736,0.1497165176249049,0.08089921366690866,0.019746863258548686,0.08892681117457202,-0.019538827739148612,-0.013702033605114461,0.052311917082341175,0.05998270734405353,0.022302904965815218,0.013573019910091633,0.017073620956963964,0.07230251910248375,0.053397670544380826,0.02967940250200729,0.051946922851212385,-0.04208518501522218,0.05378346374380638,0.11666018102730069,0.05813733708094748,0.15684972742141046,-0.017927287537879755,-0.05100033461393627,-0.028056310233193882,0.07744603977081232,-0.001551824539779867,0.04504004936267503,0.016711421551615757
2017-11-01,0.01662330510350718,0.08139818516651443,0.0018096960165912002,0.06466237678888143,0.028477624263064882,0.03247026846130607,0.04559590059522045,0.1449590267092835,0.026749577268142977,0.00985159897395893,0.0046919093995110295,0.021280161048224944,0.08469059537660573,0.08185319562817606,-0.0005742512309337977,0.044935530603672946,-0.004567821576702991,0.05338070896359537,0.032950753966533464,-0.015994495636001416,0.01190170276040825,0.019152899515988198,-0.029495704244051013,0.03422723417538487,0.05008522384070235,-0.06841006150168283,0.08538693990140422,0.09249470119589942,0.023731557140355575,-0.0007201445089534131
2017-12-01,-0.011705693587147459,-0.0021667644954753706,-0.008754410806357527,-0.006186568401839843,0.05238871957408597,0.026993455583372183,0.11640064961261154,0.012157916949011582,0.06195411292580277,-0.047492341933210946,0.024466281079789765,0.03198424617136664,0.0593380440624105,-0.011640174960223515,0.00893976855950207,0.02315341713035668,0.010622014431036941,0.00493792782543645,0.0041748348514860645,-0.004063619452601364,0.021380086881607863,-0.005447371387592548,-0.03525259965058791,0.00802431950013105,0.021002556300384168,0.008094513338934739,-0.030528575887248444,0.0660466666371009,0.014495334859188302,0.013495817756474793
2018-01-01,-0.010636637000931759,0.1603760539151191,0.04042499164966995,0.24063897541810575,0.08401089408378914,0.08152559561391803,0.032999292106243416,0.047012538218442534,0.0012780464663415536,-0.06669853231291367,0.1180620197947777,0.05153883175994545,0.05999049547924984,0.04114518959957558,-0.01095010602522839,0.08163470597031997,0.03727107112397232,0.04942829233686319,-0.03563790036040715,0.05910677281100818,0.11070897459075191,0.014277090118314906,0.27028395346864453,0.02263927806943644,-0.060296315751051766,0.13797978418688173,0.0740272783565159,-0.004474506361901054,0.08954550148296048,0.04375932236984137
2018-02-01,0.06384765080170185,0.03957327075006045,-0.056668982586922434,0.04242906360200127,0.0031250619377409805,-0.033491966466252965,-0.045658574039055155,-0.02037235575800178,-0.1071401382129129,-0.040254826620173545,-0.05573799679258751,-0.018515035288711235,-0.0927324404982448,-0.05361066147447435,-0.06013460433432061,0.003731706383065525,-0.09182602936155548,-0.07269819839723501,-0.054389240243028714,-0.04585574098828615,-0.013051442340844766,-0.0395781877727579,-0.015459533655044377,-0.01970818244476269,-0.08363905256590265,-0.03175185593835672,-0.044851956288865624,-0.024344577755308072,-0.010383878367880461,-0.13241713174640468
2018-03-01,-0.05421039679658801,-0.1828545087012503,0.043135023659878424,-0.04304936888568922,-0.06573192934766936,-0.037258693698878576,-0.046886223450536724,-0.010297855635527875,0.029085509804352316,0.040541186614952984,-0.06602510819171081,-0.039413722367742876,-0.022110144693758715,-0.03902949713101744,-0.007002152088713354,-0.04787862397007303,0.004858886807276308,-0.03639419640605679,0.012020557348867644,-0.10391443631113273,-0.022088972652854366,0.08116011427613334,-0.042421965805814366,-0.01352840597008298,0.009679143088356046,-0.22424645662146758,-0.05376699310774491,0.03754940198036927,-0.02531087453242853,-0.004846432645274401
2018-04-01,-0.015019621408670969,0.020074184514884408,-0.06178607160059302,0.08207479647163018,0.0014094599686662601,-0.02882494547399972,-0.02049115765832954,0.04633046111797556,0.09707120489264964,0.034723369473360854,-0.014014571462587666,-0.05372022076533034,0.0427170249733102,0.0011764070517381597,-0.01295331875254635,-0.01082136640273934,0.0037170971034170552,0.06270489473384999,0.04782221554465038,0.07641280105265813,0.024652540495725628,0.0035510971141026193,-0.028887478899052632,0.03155836971998949,-0.08753797156744603,0.10434740448152735,0.1083304062158501,-0.005950988412771752,0.060691938908071785,0.042086026093214324
2018-05-01,0.13076369233898166,0.03536874646287269,0.02008300512082961,0.04053941088038626,-0.02941163549102932,-0.011355995440872513,0.057597925710557885,0.005477834282705318,-0.006474159895964227,-0.03742561935437139,0.06650745722459162,-0.05223852078570379,0.00946947435072154,0.022325194573860285,-0.05431272092379058,-0.011282583845590222,-0.0048598806210634615,0.024521658401829516,0.048970240618087635,0.11500004202273484,0.05688582352234839,0.011591940618526086,0.12134324498686877,-0.01857399299165452,0.020833474172928135,-0.031201019338043534,0.02161574867900118,0.06832298813201998,0.030265018324084902,0.04488696448955931
2018-06-01,-0.005598581911755995,-0.06357389378117628,0.04191662575293731,0.043065192317739864,-0.025303962012252823,-0.02547906288265478,-0.10690541436174839,0.05725060449700048,0.02600515004614734,0.037022857175271096,0.028258301780945017,-0.0200552260696526,0.051687711582318885,-0.021154757313572414,0.02190193225774051,-0.02625927103754211,0.020000131783858066,0.012095115695437864,0.010329061302354559,0.013244317789532944,0.001997422782910485,0.007357605770072606,-0.06004809620096274,0.019597966573003056,0.0668306048030054,0.20447436127385,0.015858247104245438,-0.002510302992609015,0.014862548496390016,0.028662688316473117
2018-07-01,0.027983282607513038,-0.004533212506335316,0.0339765522539095,0.04567600755093726,0.09542378320695688,0.06011251855130362,0.059924926219239394,0.04655967259922633,-0.0012652693819086291,0.03211941125539308,0.09107698850197643,0.07643838621049048,0.012403759250131818,0.10829589992766553,0.09213804999767317,0.10316680843777948,0.07262401208063096,0.06462738303641347,0.15797471064395707,-0.11187716230936307,0.07575301552138303,0.009927273310713414,0.033600762441308385,0.10060627462847838,0.03612653456697945,-0.1306604479146567,0.035769889327104565,0.05794756130321499,0.03238945239989399,-0.014746541542190572
2018-08-01,0.19622701869814496,0.05128738415869005,0.005936595978387249,0.13236448128539746,0.0016192295840853355,0.05483401410653377,-0.028502184128750274,0.06593206061392953,-0.06185165523208036,-0.004655639557094582,0.0007639835047810184,0.0016005993342518288,0.01645420348182558,-0.003695593284224863,0.01637448196938318,0.0021980651082984526,-0.04417799833900671,-0.05558204981467696,0.06922358838117115,0.01825222446451602,0.05891788946711918,0.01528011315889155,0.14628764788907467,0.03981968198459107,0.03490094062952309,0.01180654210235188,0.060184937331134725,0.004870051054951308,0.07422805051399561,-0.016440024396124686
2018-09-01,-0.004825094502903027,-0.014586511189335627,-0.025617186284750626,-0.004824306834253944,-0.04752665282251045,0.025824067449812693,0.09823557287193685,0.010007653588641308,0.0421436979930061,-0.003723303388667998,-0.02029249280752543,-0.05393946485685308,0.03706631250261272,0.05125867417197405,0.03267418278727008,-0.015185817004269797,0.03634725779041692,0.0211961989817111,0.02132553175829832,-0.06413241027716188,0.02207898997056379,-0.008242698316089814,0.0017590332420838184,0.07045379145134589,0.0033757216025049885,-0.12229000204006513,-0.0090145112811999,0.08683026613131717,0.023321112117794085,0.0714351413645733
2018-10-01,-0.03047739022806384,-0.17688731785817424,0.07825079555103209,-0.20219175018307878,-0.062018350340414474,-0.04124049229780713,-0.20440708453999534,-0.02660941060862354,-0.08693169469634776,0.03261714479106215,-0.0977820739373998,0.005038924096092634,-0.1509534325796612,-0.09195746895669388,0.013171775010710762,-0.03385329666533443,0.04540591990884213,0.029490825596367065,0.010530242733459039,-0.07704012173408414,-0.06610144920255467,0.02923603947312925,-0.24976883387308635,-0.022917960342962007,0.0654812578203745,0.2740114899082402,-0.014314315999330307,-0.10200846256289609,-0.08155093076807107,-0.06280872257424186
2018-11-01,-0.1840444355688895,0.22387231036508037,0.055708946893708866,0.05767175245241973,0.03272709138511409,0.06313331445310899,0.12540910821129225,0.0115905866228867,0.06529316295489407,0.07188675361532071,0.01640102890935835,-0.15388001688808617,0.025244753515369256,0.013326964828598076,0.04936091403720422,0.02704693026150684,0.05263142061968451,-0.038798908842665236,0.09406137227116584,-0.073654249151896,0.03819886556496854,0.05339156339715867,-0.22482570166137184,0.07361794236837205,0.07515922589100144,0.03901336950578149,0.07656406194542775,0.051703258297953525,0.028001261300170333,-0.002259060050111006
2018-12-01,-0.11361673009765716,-0.02206439084677103,-0.03830036345557852,-0.11134970006404432,-0.13239429433083716,-0.06442454391261099,-0.06338883543741491,-0.11711209252252841,-0.07639784546448503,-0.015052773598261626,-0.05374504624720855,-0.12042335395885484,-0.04143863403107961,-0.09466149406028779,-0.11591703480635052,-0.12204325693482299,-0.0530868690063282,-0.01892508296991846,-0.0197016786535249,-0.06770512856128219,-0.08009040188022176,-0.03741990969249365,-0.18231920920761124,-0.04852185918045393,-0.027404868153880546,-0.05044512057144701,-0.11175720575751058,-0.09636196152144261,-0.06727169603083327,-0.1335691634989542
2019-01-01,0.05515419732487481,-0.12908123460969234,0.09861910615324376,0.14431709005232074,0.16189553778247445,0.006660792727674947,0.04792600540524394,0.05360516652313363,0.05386526384075219,0.017149113833496488,0.07798320366338052,0.185333740716215,0.06815273281016898,0.08711751273693857,0.031228161388115128,0.06023332087385813,0.0164730279895402,0.05018931199444787,0.03577586923394582,0.271569480843995,0.028158053950137818,0.02968543089639497,0.07677915302838323,-0.02749103056526292,0.04949961237932721,-0.07746391633639815,0.08461813270125984,0.15076341169808738,0.023268081190969347,0.07464457867820595
2019-02-01,0.0403147913184132,-0.0009731387021031379,0.019150892498200456,-0.04590598487961817,0.021426142667597903,-0.020628541271150547,0.03802591393829036,0.019149494428022384,0.04300010015600941,0.021417255677199876,0.0031798349269485104,-0.006615716733495258,0.008772201002477553,0.07268716985530932,0.02675072273319956,0.016497810491979292,-0.057968259089597685,0.06275677124059897,0.05364606007531214,-0.03143580236731003,0.07277606178452234,0.04883266012782994,0.07311310719298647,0.03012003062212787,0.029640880288511307,0.04188646728344558,-0.10355292233353719,0.05425241652770607,0.09710378140465781,0.07846600765251988
2019-03-01,0.10173057430895316,0.017037280689689016,0.1187053262575477,0.08593570731353273,-0.046394029763950906,-0.0020367792145733477,-0.01346993551360065,0.10996600826300629,0.040460595918420994,0.01429873623130673,0.047673193318278795,-0.020003743066309254,0.03645882807840972,0.03697995206273119,0.029838597480960738,-0.029992397954815564,0.033524635322921714,0.015527532137773248,0.033045021363996785,0.03245608545529932,0.05724952049016374,0.03671633572754307,0.16520828140549138,-0.020300104611843284,0.05580947239297607,-0.1251093857440413,0.020807269220427083,0.0022020529067323658,0.056323732235129764,0.03374707127451693
2019-04-01,0.05643595448269645,-0.014890562093490045,-0.008931224890733724,0.08185874546916994,0.10837260078783273,0.07874960113636176,0.029005598817685607,0.014000166510365952,-0.02532885354784742,0.012444286112872627,0.012929096836880039,0.07255578739619861,0.06945034948546924,0.09256221585259206,0.010086297386926235,0.1463990768516925,0.05608799740500037,0.02994065215941677,-0.09802684358070657,0.16023718860300518,0.10734262042944942,0.005793326923080544,0.008019986080113783,-0.043795221001981854,0.02335419894649915,-0.14710923820280408,-0.05379083447582389,0.058851075385015994,0.052755709174626464,-0.006435298744353668
2019-05-01,-0.12757265238464421,-0.02094571987465399,0.07388387606476576,-0.07861319674779288,-0.13015040281794343,-0.08901300330995521,-0.13544513242355716,-0.024233260891309394,-0.051724033658865465,-0.06046958008656955,-0.07139367724403034,-0.11378187201497647,-0.06799201445200342,-0.05367741668487114,-0.07117533872091664,-0.07995877245092808,0.001426778347389579,0.0016085717931779708,-0.00939848496961948,-0.08236803345045884,-0.05298609050475156,0.019389150440515923,-0.2516023609717777,0.022408158142909862,-0.026704799361128906,-0.22426582233190806,0.03745630570619385,-0.0579526379156351,-0.01885280574947923,-0.11846051645802036
2019-06-01,0.13487290508859728,-0.0520140001352819,-0.020692776313108174,0.06679174655008091,0.09022566490590589,0.07977915178847117,0.13755126354550296,0.10599260778149366,0.10377115847083651,0.04186083728981016,-0.020586567677548406,0.12621045438443756,0.09544390108690481,0.06773606378390595,0.06925664792432107,0.055115142028355546,0.03643390504176147,0.11748887972680122,-0.03905883112539854,0.0875078952866406,0.08712722673031781,0.040085279617161795,0.21377115514092715,0.05260619406578293,0.06549409979645437,0.20684812952665022,0.009139597973919944,0.01927834650615967,0.07740030262607767,0.09521508639239529
2019-07-01,0.0763944989862746,-0.08388353680578076,0.03953700674717853,-0.014179183493694736,0.06364722624187147,-0.03630907519654725,-0.033898306181032734,0.04302565926454438,-0.010687939200201502,-0.01722599817823589,0.1256069542890914,0.07590437660003735,0.034711105909954076,-0.012200140194471798,-0.06504896552349071,0.037567217396019315,0.041650762031416155,-0.047410544232999285,-0.01660821763885323,0.006372767284432035,0.017243806587463162,0.011276091360662432,0.027339661529097947,-0.10341654991784133,0.07651607915238823,0.08122252974300093,0.02501010447758767,0.0640998831145676,0.025640869277663292,-0.02962275644463419
2019-08-01,-0.02018397809857264,0.001838268225085038,0.08775139980088786,-0.048473822697145064,-0.10332447679111112,-0.009832980020886728,-0.08927111191689685,0.06940481200256143,-0.04378223481357779,0.06941852922477154,-0.023489945190760086,-0.07368404702852238,0.06654474173266145,-0.04545950752416139,-0.014283608129753933,-0.04622616048616468,0.04579118086213474,-0.012389762923732395,0.03689779713585484,-0.04407130294026684,0.011668189454659528,0.05748911976127524,-0.00717172099804142,-0.08470629931546747,0.02514936672028245,-0.06622236595163389,-0.06027853588193699,-0.09997171883020572,0.01584245505532844,-0.07907490883993273
2019-09-01,0.0770381929862265,0.15180989168830616,-0.039358616731711815,-0.022732743159706414,0.06034169526691269,0.022663588453640582,0.06142844194062347,-0.020398647329241792,0.017832474386923147,0.04475966119144359,0.026007881984656533,0.02266007179607743,0.018033638374260752,0.03298516078390912,0.015499519181393362,0.07127266722709269,-0.010900803083546573,0.0302651212215046,-0.0045416634522658095,-0.04087904871930881,0.011845087554559486,0.06946042486066983,0.04019050997441265,0.02014482774062909,0.03451723295663278,0.0676388894701141,-0.07128221878974506,0.00628538250177435,-0.0473499071147907,0.04392474217435871
2019-10-01,0.11068435283604305,0.0505810758740457,-0.009555325121729297,0.023474701269111886,0.07905729517792981,0.021920956950953308,0.09096671404877088,0.03123791976347645,-0.02074227328738243,-0.016691094182391786,0.03372428706735486,0.029677248441517312,0.017207389892700764,0.020862592508271494,0.020559678043565066,0.06143239867153505,0.0071258349236229535,0.023900984157662508,0.01895728434855304,0.07620171992934588,0.031215735509520837,0.022962423852497693,0.1548226447881722,0.06790941316486587,0.0010450282274729883,0.3074272210164204,0.16828496359923872,0.02148380122518767,0.03982349118484563,-0.043053417927644944
2019-11-01,0.0743289028019527,0.11890952835899049,-0.018571222633620543,0.013587301227403925,0.06555817827587229,0.036315745386240605,0.058545411145702664,0.011280058062310472,0.008524231668397775,-0.06460860871934626,0.03559207418768562,0.037351243686691404,-0.059979583402668735,0.0336942864624179,0.04127523882473905,0.063204492794525,-0.018923242099818882,0.039626608995771084,0.029837645927945466,0.052126446286230754,0.05586984782752791,-0.0189646849118974,0.07820165504553489,0.0039094858521349085,-0.01341481571313441,0.047694647129001844,0.10751886253288356,0.0636408134025448,0.031588650860673306,0.008287598892859016
2019-12-01,0.10208267916829805,0.009232690137211064,0.07377491591920116,0.026121694264473083,0.05702272829391264,0.028143426519996684,0.020382994372414753,-0.01964585652852935,0.03899469260317656,0.04564058644355229,0.0245678654894097,0.04461886864268716,-0.00965948517382953,-0.0037529692197373343,0.06829997967602952,0.057984319143467467,0.04425933078590094,0.032442575817714925,0.1264245501897523,0.01790305302420281,0.04529415470093401,0.041208739853032306,0.08643363332036724,0.02696408800929251,0.023266971097170908,0.2678971533628465,0.05041638624245137,0.03290015771710131,0.020079057530238975,0.036570336103558754
2020-01-01,0.05400967112291766,-0.08493323129571484,0.012859283822843848,0.0870638027865227,-0.06277024046393087,-0.0091391051841887,-0.11057681117920337,0.03946616167667116,-0.11094526461228471,0.07038704030422038,0.07270650293144287,0.03401049923610722,0.05119021292275128,-0.021356106458143342,0.020566604122907783,-0.05050236141880993,0.05510414600343916,-0.041824183282446414,0.06246665189563494,-0.01627284761046821,0.07945441378796136,0.10753212967361447,0.004802225361133949,-0.049514899871270224,-0.002241749338940946,0.5551598573434691,-0.06967325649224654,-0.007577588728421514,0.058914249098122706,-0.10977358084211475
2020-02-01,-0.11679737681051283,0.07217952310033571,-0.021316987066276716,-0.06221372013363058,-0.1318917698226152,-0.08060418361294519,-0.04749546547656247,-0.0797980842701147,-0.12880344519556364,-0.06073935866453106,-0.06616799834385056,-0.1555414996306166,-0.04498022686318759,-0.06379141990011472,-0.09666160174065908,-0.11713930926145277,-0.08407550513643391,-0.059666519180498145,-0.09674851308040988,-0.046753450915777095,-0.048287766048343395,-0.05756879845585694,0.14228300295244334,-0.09341096328089549,-0.0859994050121522,0.02677646887053875,-0.06419538177354467,-0.10929706933836669,-0.08649578785738299,-0.17192519767680237
2020-03-01,-0.06755383319214225,-0.1110723121385232,-0.03990314041520626,0.035020571318223226,-0.2550874730484757,-0.1139381357181829,-0.06600135298517351,0.016330106420610502,-0.21462492369964725,-0.10939859592730061,-0.13179722803592986,-0.22530675604747386,-0.14290301888736778,-0.17053633247497402,-0.018692645217750714,-0.22461467596908724,-0.17274263580317994,-0.09428805216730207,0.10551784948693177,-0.13337143009639485,-0.023882333781991227,-0.0430582775349585,-0.023372920307548783,-0.023339319094709543,-0.028525834897094815,-0.2155570713684315,-0.021885894078117696,-0.11225610930057439,-0.11227226794086687,-0.25126160069493453
2020-04-01,0.1553738791083823,0.07888164607289605,0.09299662165294054,0.2689001176660717,0.14005883768614202,0.024777108428204464,0.0029303172779677755,0.0626736396463119,0.2696664196820422,0.04673572556733818,0.15982843767629085,0.1864935454292549,0.18526459909992554,0.060617231358481405,0.1442076893720603,0.06364544195618227,0.04615701817064788,0.06853258506804938,0.11476361682661973,0.22727810405936988,0.1363262372715075,-0.03948131841061364,0.10880133276614945,0.17524552671424232,0.0715450553434096,0.492137319488021,0.17786849925347115,0.1329405829922483,0.10923512320155226,0.2238612341756936
2020-05-01,0.08216446813298695,0.14418617310735393,0.08927966689671485,-0.012784941240091774,0.0029106581563804745,-0.009500420439252144,0.041698673900671945,0.020378836727546146,-0.003260700959842877,0.011457799903569876,0.05951095093254466,0.07125721151887521,0.1303281110538117,0.027836708831886936,-0.008597731896639371,0.026745701374877306,0.017215151391837935,0.09973358864346449,-0.010928582873536596,0.0995553965608309,0.022543342031498437,0.10574610066660761,0.21465721761921142,-0.004431964042311276,-0.009984827338570201,0.06793886833783369,0.04232907353886772,0.06302012083204289,0.09243543241239438,-0.021519212971783275
2020-06-01,0.1504925490652944,0.05945818714832263,0.0014329882624455337,0.12956672853391127,-0.015339812456333868,-0.0380968167607576,0.053025564269431946,-0.017052162230636103,-0.012650504737427792,-0.05614062997316238,-0.010714538720374867,0.012037628528300814,0.008169634869831688,-0.00133010716232973,-0.048034498214652555,-0.033398408688046666,-0.04284467636783651,0.04828520433336636,0.0784760421746975,0.008796556804446132,0.11365224978738375,-0.06022079425031879,0.07010880997250357,-0.135221549153955,0.03148719269078448,0.2931856328270819,-0.03247462118849809,0.000934334373157597,-0.008945955944723472,0.00257521050228271
2020-07-01,0.16513167046398092,-0.03330597596096463,0.015254393174312098,0.1471136218500213,0.05488471397372119,0.09674530728754016,0.05043490672333095,0.07361241802184493,-0.059285270071442686,0.06070841709311181,0.04905888629128041,0.0017206038240729082,0.0661260622251918,0.03305939739633379,0.03647852821643438,0.027429612604912723,0.06690165048335817,0.16102795202658804,-0.08460219953432324,0.11714450036802293,0.007370512079704072,0.17519360095036918,0.11811664641677777,0.1767580559113,0.0965960948315947,0.3250108843981532,0.03096785952834935,0.02531515491415437,-0.014339613613649105,-0.059034144330068816
2020-08-01,0.21437978037995586,0.02137663365110143,-0.046826750668082284,0.09046103369298208,0.03456596337570139,0.11369902260511133,0.07898716690974661,0.07027826017695626,-0.00011894534040979288,-0.05192342894520574,0.10197180667302508,0.0349060408353703,0.07363748945431414,0.10832126267449649,0.05248382157211018,0.04683667854831586,0.04847589335574232,0.018889297442611808,-0.012642434125891167,0.15583248136170602,0.1000927719674729,-0.005450603987714353,0.25999178504217735,-0.008332922079227645,0.06164527457340796,0.7414521252787116,0.03226768301011784,0.11012353204213832,0.11339303043869409,-0.05085538583956706
2020-09-01,-0.10090807041189709,-0.08541281879985851,-0.029781115205685382,-0.08757859185260553,-0.06410260670199863,-0.02339016236362601,0.048063890908986995,0.02111297405403456,-0.1297747540617713,0.11507645813985001,-0.10071092144335936,-0.013097329795907164,-0.025715773201419823,-5.563903854866048e-05,-0.023069485687635782,-0.03912573481629977,-0.003230382648554797,-0.04648826777583204,0.002368947872074312,-0.10675333612370796,-0.06514230126076082,-0.0007532102365868099,0.011664321299825753,-0.028843530894962277,0.004771396974450504,-0.13908741409927106,-0.0024955367684751373,0.028149466195374062,-0.05527490037624405,-0.12350374221468663
2020-10-01,-0.06001222385700522,-0.02842800994006489,-0.04536541406068206,-0.03575408533520552,-0.00933585207344989,-0.051845629841014484,0.05296678255280618,0.007380298488783188,-0.03472224926523937,0.040086080221052756,0.10302766377622352,-0.0593620758314678,-0.03454503386208352,0.0020652468905284493,-0.07905699400695632,0.01838587544002701,-0.018654352379037897,-0.0712262054656192,-0.11863238758533501,0.004620137250054723,-0.037369914278320704,0.05505081808420065,-0.0733712248119518,-0.03324246786750984,-0.013598182356065802,-0.09549891131606025,-0.017232699301719,-0.0999644730605469,-0.09131330122403125,-0.04981081997075043
2020-11-01,0.0936065555173975,0.24564262015352645,0.006749694014548613,0.043439868865324804,0.18818542470418032,0.1337791509764643,0.1120683456848981,0.09759765275011167,0.25438835057614284,0.005971128750353216,0.08619939257518938,0.21974184260198837,0.0401186866528076,0.2362536349359443,0.05521103789650961,0.21352340222129662,0.0736580392102526,0.16374710216938793,0.11643384728439976,0.052677809085697636,0.05729256239858449,0.005190882198407909,0.06921151588324248,0.13807042644982737,0.018534277213506867,0.4627358021475634,0.10224810925492522,0.1517578147038099,0.15761348753068205,0.16891482645188893
2020-12-01,0.11649656425637378,0.024574385059163095,-0.029152433851225013,0.028058383014484267,0.07634935126655096,0.012930808648482284,0.04856254720479658,-0.03826233607659468,-0.017060893724269555,-0.001974446870218083,-0.005031794932731759,0.14368103313798897,-0.04250044428312327,0.04794622447160779,0.09533857451080685,0.07796062360284761,0.07112397177764795,0.027649958382441442,0.16517383273635544,-0.013755893058655988,0.04172585749501079,0.05329264075062867,-0.025855380143054885,-0.029272770530103243,0.0019441359416871862,0.24325228028976542,0.04263530775158442,0.025084545704762373,0.0414051059456606,0.10712015315633816
2021-01-01,-0.005501445306989261,-0.04358375359688793,0.018589166960516934,-0.01557601223652838,-0.015677992315666245,-0.01725104620793383,0.004504913205104266,-0.04012568440750286,0.008881088859967745,0.02664939253971177,0.04786860830567896,0.03389372838190918,0.025136050219822126,-0.0814761833206078,0.036535843002615476,0.012591438848632786,-0.12199142290546638,-0.06524919173122612,0.23175778647584178,-0.05429066952903838,0.042891902805431315,0.04821804192175638,-0.004704015828814301,-0.02472135532463904,-0.07855389379791089,0.12450585757436827,-0.04533985843707855,-0.05162834597196464,-0.11649068816547603,0.08782152941212673
2021-02-01,-0.08108526880855393,0.06362334257313873,-0.049393065451026064,-0.03532841376742368,0.17065765106163067,0.05547022276078084,0.18698654365804046,-0.06080643781692485,0.17370891966275748,-0.08946816821018155,0.10955782159001193,0.1781537810222158,-0.04608228443955553,0.03572728858893548,-0.0286276749365153,0.152015974344202,0.017445698573398394,-0.004604744859913357,-0.014809825707899016,-0.002748347848076982,0.0018106363392809133,-0.09138109377747416,0.05579404039623892,-0.05698275311708745,-0.030690932072519717,-0.14874045049393914,-0.004076995194526978,0.04299397958840623,0.09904295323863432,0.21253342068081582
2021-03-01,0.00884482420562227,0.004455339058106356,0.10609364009274591,0.00037178414851712915,0.1146641674593607,0.062201185212874766,0.07406880546448225,0.06699690684436166,0.06271224537106068,0.13955487635369201,0.015597733092700183,0.023538324770531194,0.18158278278727358,0.07749350156982704,0.04363821912246002,0.03438169758633358,0.07593358916153536,0.1468457350486747,-0.08438590170864824,0.1432729074419805,0.016925063022135145,0.034386304543503554,-0.02670549993992155,0.08181516672169575,0.09633288169731924,-0.011206569460841198,0.11995049814704495,0.07509809126521105,-0.0015600495655162527,0.04429119645400115
2021-04-01,0.07621830597003232,0.03030855720446657,0.0657156820336382,0.12066273709568343,0.0527605672063336,0.07625165731102479,-0.016215903984324376,0.05563449413183896,-0.01641364670617984,0.04309538284662473,0.16508004265768683,0.06978193554535239,0.06698842537173788,0.02750266764075948,-0.009857041623775875,0.010379280063005147,0.032618240656545394,0.02473493018783013,-0.021678695648403856,0.10372460933889904,0.06960163792523177,0.02512927149494626,0.12484252127319695,0.06679578704411315,-0.014841781248132624,0.06214724771921731,0.07564924856888844,0.00762229371191947,0.10310294733545566,0.025255264420077195
2021-05-01,-0.05210747643764224,0.027590440386582316,0.00790732082535306,-0.07047025525869377,0.04589239342349338,0.05270045314078531,0.06163585034593,0.018786271342041694,0.006985475556168019,-0.004667673668759864,0.0005975230210089055,0.06764222750930271,-0.014706590547040155,0.035285183187432345,0.04006622598792342,0.07409993659133107,0.024268111474814003,0.05163717048809491,0.09284916778635033,0.011228107423410849,-0.009913538562721702,-0.05534802969685515,0.08228138935972473,0.0020699487625543966,0.017184838684861425,-0.11871335524117277,0.03289879126573947,0.011887051101433288,-0.02680246901254235,0.019741596227458302
2021-06-01,0.10097597680261128,-0.004946791987348154,0.05746518469442985,0.06735498737093981,-0.027365160706087854,-0.039800956731970594,-0.09727075452434264,0.04599919698242516,0.021506174500204533,-0.005485699855395709,0.03929418667858142,0.02363278904947319,-6.260885587672238e-05,-0.046030832226826024,-0.020574183890463393,-0.052971314316086815,-0.021341781286921213,-0.03825662428150978,0.15417166330292065,0.057737254059524235,0.08749421465138463,0.0008196135138625049,0.2313398664498274,0.02106567414636129,0.0005931539203900549,0.08713734718910104,-0.02786951683415384,-0.016658689524326475,0.030178593761166272,0.09643557118449309
2021-07-01,0.06498225892505682,0.0324927618430888,0.05187634980150868,-0.032722282722282725,-0.06569278476935658,0.001331300731545637,-0.04999289197317447,0.08605666696218783,-0.02797427809450892,0.06472847052437714,0.07904010068460154,-0.012251964189152087,0.03456030583583525,0.0658306278312093,0.04528329166975387,-0.02417367151947103,0.061905466766198236,0.06700715687100978,0.060909728959233966,0.024704545625426455,0.05171643765643408,0.06866507073049744,-0.02494841408872539,0.09320726857687456,0.054102087863691084,0.01103427987887895,0.03318799706709297,-0.005319952072754486,0.0537593819929687,-0.08734962633438081
2021-08-01,0.04093014071023737,0.05009887754148434,0.033133054665734685,0.043034169499993835,0.08837308116563825,0.02687836515532882,0.02540080569141545,0.06195600598180717,-0.04950401445253971,-0.004281149568489351,0.07573539927103146,0.10304630265122694,-0.00612444736562634,-0.008041353919121974,0.005400818996101453,0.05990051297179022,-0.012624858325469224,0.023422718721812563,0.06073922348836103,0.06477680929524543,0.05956264057695071,0.07817689047517784,0.1480074907887241,0.0858969067179709,0.007421347852895499,0.07060538379906944,0.009824859728666757,-0.008776894192901397,-0.07017313999037722,-0.052978679344767854
2021-09-01,-0.06664057491484265,-0.10688863525968118,-0.09159042326736999,-0.05351810876292584,0.01676625642439733,-0.04489619997029082,-0.08962869538872353,-0.013479733953009387,0.062496589012038806,-0.05890005939582832,-0.08384673642102458,-0.08135986018315133,0.006376841651809517,-0.08099532706825285,-0.06163194680844086,0.023382499169400273,-0.06819379729897834,-0.0674207590864504,-0.10257463162471647,-0.10540865638939556,-0.06433123797481255,-0.060849244052300966,-0.07439559265521101,-0.06642059730347927,-0.018189613805202343,0.05404233150359361,-0.06133026600831859,-0.09167217565327046,-0.026391727686703503,0.09519949551897233
2021-10-01,0.058657190653184754,0.06303887511344075,0.06734909312561155,0.02660245759664326,0.13132778150176705,0.05154981753632559,0.06271817854988071,0.09389107215481629,0.1285358556475924,0.04529142927409113,0.11259465869766805,0.09343166154250904,0.1382138783324598,0.029866263183354613,0.008544912060369114,0.03787642880437225,0.08243618391855434,0.09169526367801906,0.10261839682052742,-0.04661299882006864,0.17629143172005346,0.08672949281086084,0.23416684520122177,0.016972548228617157,0.022818796080146253,0.436529595729082,0.18259255660845874,0.2315698640386934,-0.04929293755647013,0.096055784959308
2021-11-01,0.10347159116342741,0.017507463405640022,-0.0691209295794627,0.039923701306487036,-0.06927591238633302,-0.03595695959400913,-0.04701937626321917,0.09910188402500064,-0.014149414120697146,-0.049014742084592555,-0.03924245958259909,-0.078287312338156,0.07766198724033213,-0.07492444740223325,-0.04266941353389875,-0.059467454002444464,-0.06954046413799853,-0.003320874294967302,-0.02637755786118512,0.0027503313391672446,-0.003106244921768031,0.016992964557565715,0.27805368253480767,0.22839546569172153,0.017387570705845068,0.02761218887377903,-0.03529004821830284,-0.023860889001513175,-0.08499789616378739,-0.07181631872917571
2021-12-01,0.07579622459956159,0.17453181504744264,0.11437075895498694,-0.04925196878828486,0.00044986651305189973,0.08063174441338283,0.06925261984400044,0.052504630335508784,0.05170795613809953,0.09188032365837451,0.015637095408582935,0.004094891105996812,0.03594504455089642,0.03545837070879365,0.10428111436399701,-0.003021972812802698,0.13763883748261319,0.08892316826711322,0.1172262419515484,0.036645707258453175,0.019193979137891448,0.08058875659556497,-0.09992048197027825,0.1086604573781893,0.13141504479800048,-0.07685451947850863,0.1303857819955223,0.06913084506827949,0.12035672511564521,0.036302575435461115
2022-01-01,-0.015711984828316483,0.011004459071954464,-0.13590044149432046,-0.10282991021845667,0.0420785191620936,0.046889595363451164,-0.02505560206527091,-0.11021640806601085,0.11913093974939515,0.0015249767730278752,-0.06207544956902045,-0.06796036900895752,-0.1120751407445616,-0.01932768575891175,0.007131457117650397,-0.061572627347020736,0.030400357170554893,-0.07702917915965635,-0.1116137774707775,-0.0686488227869434,-0.07534479049105847,-0.16323918427768325,-0.16735231850881738,-0.10770530936884404,-0.019134178226009935,-0.11360931817914044,-0.05581843636458306,-0.024659595078754815,0.04365259071810623,0.2413794350640821
2022-02-01,-0.05526963236776106,0.09068122196445949,-0.09793244540362445,0.026672518265588474,-0.04204588830760414,0.02693126154633907,-0.06484332861442921,0.027953213995893567,0.09647426935513304,-0.04426025227496255,-0.005950422629994567,-0.03775259357692162,-0.13938086109484815,-0.07203639295828967,-0.044808105475446225,-0.04004047592315907,0.020160587232727734,-0.07982921440982615,0.01858271677255452,-0.3263423838519828,-0.03919885774743015,0.0019202277578822535,-0.0041248175665028475,-0.10235562918970897,-0.02317441529531894,-0.0707681586632628,0.00698300557355136,0.00572466109776415,-0.04443570632595639,0.032385374807019085
2022-03-01,0.05882077153068721,0.09704273724495494,0.10733031933921611,0.061437285030015776,-0.06742092108616016,0.09786900065449733,0.1878667395880178,0.11068395435742029,0.1426361377190204,0.12315818997085537,0.03527655692465226,-0.03278727501133072,-0.052243167115885614,0.031100865289393154,0.0838405069825694,-0.03864591628349523,-0.0038561400729756334,0.08931255385439196,0.15049166698457017,0.05368909873916872,0.03399536320584384,0.08827362300985797,0.11896651515691814,0.10289753450395289,-0.019821282160933373,0.2380088093327557,0.07165826256972396,0.11627690207847374,0.027812461207185946,0.06485059590950581
2022-04-01,-0.09713085374487018,-0.09394844399430302,-0.040601771642736484,-0.2375250931362105,-0.13016862543237162,-0.08523424322832063,-0.05511192660983344,-0.0766343968922879,-0.03783080786432513,-0.013433814311050951,-0.1767496803100046,-0.06909811135737343,0.009630765942897135,-0.005498899133702717,0.01822497901576714,-0.1244132587473632,0.050073972954253865,-0.019466694822490305,0.02011426556232987,-0.09844404063926993,-0.09986692050613177,-0.16161011223115695,-0.32015835497084144,-0.0521537929710576,0.050719496597487534,-0.19194510982164714,0.0001665273776880749,-0.14245458648624487,-0.038959430718924826,0.032207291444040775
2022-05-01,-0.055883234110210345,0.011863266586262577,0.06837229726250982,-0.03276431760316645,0.042601231760930114,-0.021218523281151702,0.03013750554369743,-0.12175877530486512,0.11482705629705947,0.021423338213890863,-0.00806754527678033,0.06992062758117257,0.00782301968672372,0.0005683616735778774,-0.005153560843611071,0.1160366174386005,-0.019037361360131344,0.040774267349159565,0.07294658869901771,-0.034069813183852604,-0.020358763846614836,0.0657559876740188,0.006739748433413961,0.08090508965046883,-0.07374845243816008,-0.12919748573786138,-0.023144225597286017,-0.06193184625066872,-0.004504146652387631,0.12609977270465444
2022-06-01,-0.0800800888861799,0.0392890530070551,-0.0021083508406181117,-0.11645921262241288,-0.16317226879538504,-0.1359580368345359,-0.1718322492168025,0.02801265984989132,-0.16425590996011452,-0.038575335954288414,-0.040920291741253334,-0.08570012350625589,-0.09407097028856137,-0.0977087736020904,-0.004898007026388429,-0.14837765470288378,-0.007415461629868725,-0.11442037210190015,0.037910561906904006,-0.16726923864995502,-0.0531203418705829,0.029213796063570108,-0.18814266482393316,-0.0034397059343171943,-0.027657892643133786,-0.11188774122303669,0.03391844671939981,-0.023840567604544893,-0.07024546956704336,-0.09877875460020247
2022-07-01,0.18863390429264015,-0.06300612439981856,0.06594106513344622,0.27059597129750057,0.09234628129602362,0.10101830708249948,0.10902878413385797,0.12940242079356357,0.1312338186011366,0.02537075932065913,0.06644717062142846,0.12244968953527868,0.10416949356950567,0.10730117420486462,-0.016843910404719664,0.02442040695305492,0.02739816559510766,0.05418408003109487,0.01683974751548889,-0.01333311588804087,0.09309641287285975,0.09075658758238236,0.19841928362547012,-0.036620515307446366,-0.03393817944084421,0.32376526434081954,0.059661868240056926,0.06573545703884087,0.07730218940114897,0.13183102365887778
2022-08-01,-0.03255193704541348,-0.05429762273141636,-0.061957615742881056,-0.06061504624052039,-0.005915675692336642,-0.06586832304896384,-0.061808036603380856,-0.03380517384315407,-0.034925140260615994,-0.027471884129947943,-0.06421455441443447,-0.002159494915059179,-0.041603074045017285,-0.016159252590285278,-0.07552145251454423,-0.005409075960073895,-0.03833572086118997,-0.06337748611769312,-0.08632350574166403,0.024072568870629363,-0.06864000498660694,0.006746370572061844,-0.1689698681419609,-0.09758521799627717,-0.0005364645051404437,-0.07248867234513756,-0.042427427165871334,-0.012274660416494831,-0.0631746195891617,-0.013824647045269645
2022-09-01,-0.11975619764959322,-0.001859322855086054,-0.15489080362718377,-0.10862189009783763,-0.10145769190280352,-0.04907407186020518,-0.11168887584457332,-0.09544169305606831,-0.0827822459223917,-0.12190414507129799,-0.11910210070324123,-0.11244630293860414,-0.0370276574917382,-0.11379049087747573,0.019323357951489095,-0.0811570371620679,-0.09220526039819643,-0.04691361049907217,0.07693661993918632,-0.1672496974412906,-0.10737603130326612,-0.07370939882413685,-0.19577304635641724,-0.03250057518144356,-0.08474689628258691,-0.03758929611475259,-0.027516180323266526,-0.1273624466766804,-0.10440038905659166,-0.07774537065118381
2022-10-01,0.10955182393860152,0.09082767610396347,-0.034979122842611066,-0.09345130582826322,0.20124061851989294,0.10512324349912805,0.31923459446665303,0.061892665809230474,0.25913550456218193,0.0017200406568751436,-0.015496621986487935,0.17560179952453203,0.07316792186666365,0.2218962318711606,0.06494836843252849,0.20459321232976602,0.0761574769728619,0.10755250638475355,0.11980824901998477,-0.3133843109945631,-0.0033061424234427372,-0.01160584167466383,0.11220108813044538,0.06375678638842919,0.06669311609101314,-0.14216779156971604,0.10266895076210525,0.01190849351450285,0.1661134579366701,0.26915583863392545
2022-11-01,-0.03462894625205837,0.11215892129274252,0.07564691396818302,-0.05759470309709913,0.0502216155200943,0.07967064304919713,0.09947280765812772,0.07721541482716243,0.013322279465850961,0.07244044986970599,0.07173034044590221,0.12086681490954265,0.09408027337152003,0.07612018687134103,0.023164926718399537,0.1075334801693002,0.06282368920262749,0.131595800508574,0.024828114255515565,0.26771122698750505,0.09912551274686199,0.0929031929854045,0.25383393843044066,0.07690668597042016,0.11545684283201774,-0.14432626046795272,-0.013311637615772143,0.10292172343322936,0.04749935039741571,0.004782946692379442
2022-12-01,-0.12081684927106817,0.002667652434712009,-0.042440637976257856,-0.1298943525647971,-0.12496674669518404,-0.030445737668566286,0.013324445548709152,-0.15345399401170834,-0.013264542268369928,0.04130648500864975,-0.12538185305392213,-0.10492825622148605,-0.01919540152963184,-0.01913288913934086,-0.0011786156700963613,-0.0295266155801156,0.0070921476053178445,-0.03061109650111271,-0.011370838260846061,0.018966901125276214,-0.057396502438907926,-0.007974255291744003,-0.13622041272538332,0.030902924980206414,0.016089787780871,-0.3673343490707852,-0.03209458494716588,-0.04764762026537439,-0.040440688413869386,-0.0013655246538757382
2023-01-01,0.11052125094015186,-0.08576179447734811,0.06222254551871331,0.22773806254069018,0.07751877160831233,0.008481693651523736,0.05313884446467143,0.11969345870378278,-0.030475399800169334,-0.005243184125622413,0.1255491397028048,0.06532108313562635,0.026309225964099126,-0.027157984485501774,-0.07489397398563347,0.04369852544203301,-0.03600051756708056,0.018133330982006868,-0.05928838129946701,0.2379096592250185,0.033316595809699034,-0.10729671179798617,0.336868887731014,-0.13817337498704885,-0.06056985348809585,0.4062347847991097,-0.05554915293304141,-0.007833070421107147,0.10805746936203975,0.051767975224060736
2023-02-01,0.021623133074327505,0.05152607720271041,-0.11361309429788113,-0.08629878923214462,-0.033257899179481076,-0.02035181228005367,-0.04596910810883381,-0.0527449085304974,-0.07614073711021296,-0.07994136204287405,-0.0958244519128606,-0.0387086138916386,-0.08523302429123092,-0.08154278815332816,-0.06217108970546259,0.03178686083667559,-0.029517398584520516,0.05266822118202952,-0.09568494259627469,0.17433019210928768,0.0064970082394268935,-0.04823815464049408,0.1883093186638518,-0.07286116276076349,-0.027790338535187753,0.18756497670132144,-0.04657552165954848,0.01513288148242764,-0.04461147569062929,-0.052581854111867776
2023-03-01,0.12035673700593774,0.03554250568319772,0.03196819132062112,0.0961476943206232,-0.16618099049383117,0.011763537663180168,-0.04470871051487524,0.027995617399243722,0.023837519763859838,0.03391398179560445,0.15171649847837476,-0.06978525558656434,-0.004788641969179719,0.003406945804373729,0.01862740271301888,-0.09096639456644995,0.042345828160089694,0.020294668138407745,0.10703389044601663,0.21150114481893612,0.15877653025694594,0.09218504034570563,0.19645934218490924,0.005669338276320879,0.08091022174604956,0.008507121398494633,-0.007038652589088423,-0.022493248643178587,0.027105480659611825,0.00540282834267658
2023-04-01,0.028987134535453096,-0.05176627423301139,0.0002447089615893461,0.02091195675834423,0.03041641216926405,0.06406062597754936,-0.043873436498491736,0.012780007909188207,0.03321915335510761,0.024981938020407046,0.04057686979595254,0.057439720557126206,0.025739944623172972,0.04562573539122128,0.05612910976215724,0.060854929064448005,0.04210980567978728,0.04331064181072741,0.15269935631939524,0.1339057653166733,0.06576510828182158,-0.0058381755201794006,-0.0008384087295141285,-0.04681382722079186,0.05171818162436792,-0.20799193945263272,0.04497063865454831,-0.02762587011078188,0.03224510011302084,0.07915374523590057
2023-05-01,0.0446135919166919,-0.07868480226465013,-0.09089448114366272,0.14348037288458837,-0.05088792429576883,-0.022736269968788525,-0.05453911211355478,0.016573403372786233,-0.10653708137536178,-0.09698630060947377,0.13999270031746858,-0.05689477595026404,-0.056863997602613514,-0.04123320280752585,-0.05277944876000662,-0.010596960079377937,-0.06999224859635866,-0.04273916546427492,0.0848785517006545,0.1015312684556624,0.06876890115843048,-0.041367505576581864,0.3634363906546685,-0.02237042592302485,-0.083052915766051,0.2411295460159617,-0.009855978161476986,-0.016249339072370805,-0.050272650379445616,-0.1365556030384787
2023-06-01,0.09584352360357684,-0.02341276470855924,0.051507335441542734,0.08110796675057008,0.03238572213095825,0.06204065734645514,0.19586854292521427,0.054622502605126355,0.054912267585302654,0.015332392327291888,-0.019453661919870302,0.0033834281883666772,0.10381467317060933,0.08866787482455862,0.07551163300435171,0.07169678800619361,0.009386618731465735,0.07753189042405895,0.0948630617702011,0.08408894684820822,0.03926579642731021,0.01655600947081237,0.11809480155932128,-0.024805556473985635,0.06484186046942297,0.28362672689273194,-0.013545624613361618,0.07005448458539987,0.07651882489637463,0.05872614826510403
2023-07-01,0.012785543512630726,0.1102206769309153,-0.01067013559620289,0.025467873963526566,0.12427140342712395,0.03214073740492118,0.07770782002933951,0.041402330255047914,0.040101357908119306,0.04323611371514979,0.1003554090867067,0.10333586046973209,0.07468450878312649,-0.06443377595093203,0.012143639876416534,0.08608383621529758,0.03622805901894277,0.028874782862801762,-0.030768923472896392,0.11018172581651231,-0.013566758594629857,-0.0121292694334737,0.10476662738056541,-0.01690274164587746,0.030051542800285214,0.021622049507798113,0.057857477260724766,0.13390685704314764,0.001052771770912564,-9.326143923016339e-05
2023-08-01,-0.043675168161810274,-0.006623648712505648,-0.0472384860342574,0.0323907994336623,-0.10406249972034642,0.02341181086488575,0.0654381667892261,-0.020315027509272165,-0.01564200867825216,-0.05148471973278068,0.031853365187083815,-0.07912982046829431,-0.010603691437983231,-0.03188572674149093,-0.034919150949299094,-0.06726417417662489,-0.03390924590500599,-0.009291855589168785,0.2192277493399164,-0.07128051632484911,-0.024291578749858767,-0.08867679958401731,0.05619633341334329,-0.007926372579162178,-0.006318328301710419,-0.034962443852926794,-0.05883044306006524,-0.04934917159819219,0.03344142418568552,0.03683334602713351
2023-09-01,-0.08744775481062594,0.014289299948714307,-0.09304010104901317,-0.07890726899285905,-0.03703641606987029,-0.027484797552900342,-0.028918989691656072,0.030490047535883136,0.056738020678304135,0.005154363714702015,-0.04004358836304056,-0.004400395071748497,-0.07935371439676298,-0.01164749373969487,-0.02968318009461346,-0.008952474439006597,-0.0643491144732814,-0.03795453734257548,-0.028723523257125128,0.014600068252013543,-0.034602934058857504,-0.13642344900280357,-0.11865051156365136,-0.06246470288609185,-0.05494362888046589,-0.030455617484936637,0.05793356480764289,-0.07139833777363191,-0.06202175912008345,0.06613778538283
2023-10-01,-0.0025699818252935547,-0.05286452576051226,0.08355120468580468,0.046963447626806376,-0.037983734613811326,-0.02560662727172147,-0.17197807454180947,-0.022160741302757025,-0.1357490879344927,0.007137847674050679,-0.04967779814595519,-0.06168660197096221,-0.05781685753947974,-0.008011119728929761,-0.04757618118159279,-0.04109784930475291,0.01711650348295346,0.02973812599979042,0.03127726754379179,0.003530797274986286,0.07081535424227736,0.017629498095074636,-0.062429881442975454,-0.07868565025937557,0.028589035397329043,-0.1973463537763216,0.06635381111266003,0.019545295748651048,0.02212950158067395,-0.09976193736962846
2023-11-01,0.11231489144080053,0.018665920423444726,0.1835041146095755,0.0976782655173829,0.15755486798759288,0.05469784127443367,0.11486624001853074,0.07294880762473732,-0.014615787807427782,0.0381370129291263,0.06879481582864133,0.12492992832646,0.10116249304726299,0.06908197089839341,0.042604680504518155,0.13067529820367163,0.034519274759594376,0.08271419025236626,0.06699399041844156,0.08590304097498058,0.12067091561859677,0.0036020419864450925,0.14688578226438231,-0.002945017049452714,0.02972055474785562,0.19537943740621855,0.03250803679204717,0.08506327661230095,0.09179074964364276,-0.029381097381722565
2023-12-01,0.014917796947621076,0.08834882038567615,0.03400723695111085,0.04004385139407618,0.11311041293893331,-0.009277767605251785,0.1792836817209853,0.11565172814550206,0.04960680806105899,0.06374962215529445,0.05234464530726313,0.1387764477926905,0.11288080292082703,0.07668438754097084,0.021564650314158218,0.08982569800830298,0.016414113371075567,-0.007395542342944705,-0.011916142387576878,0.08195020561588362,-0.005560072101643665,0.04656072342130124,0.058841034486952104,-0.042396953646702706,-0.04546643279328355,0.03498831153123483,-0.04792308852058835,0.09033593107380522,0.01645737919834578,-0.01796530918279393
2024-01-01,-0.042227177347348044,0.060850544964145215,-0.08652819818231239,0.021455801332457725,0.01009787663785211,0.07592661440647697,0.015692990741379198,0.0766600287124759,-0.011598424425397491,-0.01246894798996756,0.006173493124710605,-0.004562251351192592,0.018496739959705133,-0.035525287578663245,0.013780657444112832,0.025044083560517905,0.00950274705745513,-0.011269866050280353,0.10754488503712989,0.1022149238837422,0.05728098506374213,-0.034738187627843975,0.24252676209898483,-0.05939573067741721,0.07233504174250616,-0.24625725810339172,-0.024662818203101677,-0.0013076366122741767,0.04958696293670273,0.028305621454519203
2024-02-01,-0.019793840383960037,0.08109511037847184,0.016406921528035356,0.1389175127740745,0.014995689193515238,0.06686820324990661,0.11720315085808242,0.07053010327297837,0.031065571517201462,-0.041740599052135674,-0.014245445428243242,0.013124612430592375,0.07833747763907373,-0.017452759621227387,0.015607600392383958,0.07368267210961488,0.008909140901041113,0.10866294786762887,0.16739196337510087,0.2562925684646995,0.040394535075644944,-0.05867319468523746,0.28580953219355365,-0.004442925806966036,0.017842907660315044,0.07790064669600238,-0.035447641592775025,0.040011439774300106,0.03432646179705401,0.016632663153793414
2024-03-01,-0.050075693363503704,0.03436534400308844,-0.006386354325105703,0.020479805886374214,0.1062317027043036,0.02716168852703782,0.09722715529562098,-0.013688800904666842,0.049018245573354324,0.06509407662671474,0.08928313772345153,0.08122363469036253,0.007855729257160826,0.038485045289767594,-0.01232455752932371,0.07653440779149667,0.019326792667632375,0.034534885722840025,0.03402463843768033,-0.008232109815515365,0.018997313319455866,0.1685991402404725,0.1421274889187858,0.044804177928041256,0.020825227013447023,-0.12923524353897475,0.0022285910661834496,-0.02558743851762213,-0.010754497076582492,0.1224673940050125
2024-04-01,-0.006706326305941923,-0.10686441879826625,-0.13173749356779862,-0.029825949313549094,-0.023997917257356782,-0.056572763837322126,-0.0869470430770436,-0.01328076493913144,0.022378442316060232,0.01602736397425142,0.08130829393520789,0.021595007124045162,-0.12351680891728156,-0.060998751692028286,-0.08597244461253328,-0.04273595129382768,0.017719594635098757,-0.04750198550412865,0.004036117833289499,-0.11411091242451521,-0.07461035710400687,0.047879626818566834,-0.04371528466008434,-0.07675666747789611,0.005855045185718222,0.042607689739043275,-0.018381384864915917,-0.035660483768064855,-0.037515975514906263,0.01746377017053269
2024-05-01,0.12869128007143749,0.0006506573808067184,0.15119121766150068,0.00822858537946436,0.08051903872757649,0.04453906289122456,0.015494534585141384,0.12213297973327664,0.006386984324872724,0.05404008183374387,0.05660837685719056,0.06985995344913043,0.0019448202585987673,0.04908430717789969,0.014385330402142404,0.06296018786828173,0.018779384203690963,-0.012336683650854385,0.050236976963081936,0.08522198045196405,0.06626781417671967,0.19486341227298754,0.2688710584869227,0.11865723737287093,0.014720905870163836,-0.02837187354253501,0.02412665500306299,-0.01829976526831656,0.014332905813670305,-0.008539693451181884
2024-06-01,0.09703865739235784,0.06375587322284315,-0.006948122190751582,0.09527316552932019,-0.0055015286243900174,-0.01833978333844788,-0.01601100306164338,0.04951287002483107,-0.026497283145972772,-0.022554601618343884,0.05438012870223208,-0.003204060894731131,0.03512717389649378,0.06172705870522255,0.0045781177625385805,-0.0018260195413232205,0.011441304342100223,0.007554224324457071,0.10554549058526064,0.08009356802738754,0.07859264385757547,-0.11509626922616067,0.1268504757650062,-0.009003494063546391,0.0023095992873092275,0.11118599982126098,0.028039559245230272,-0.022633875972464468,-0.03488300692187263,-0.01027578812210117
2024-07-01,0.054410817960269364,0.08045715710955847,0.14327345008267334,-0.032445041513381345,0.019742710713063882,0.07792530274893772,0.03932763982681364,-0.032929758848264545,0.025891877123187967,0.09019263965722701,-0.054917385930248974,0.12537577766010077,0.06948659041260719,-0.04116331293302922,0.0799807875078371,0.05211114532477623,0.05668262588342721,0.03679498919087498,-0.11167688688772837,-0.05735308338716405,-0.0639891362666235,0.08579043330646074,-0.05269866806331536,0.09149391978222376,-0.025224382064412465,0.17278149180183244,0.1361665984529914,0.09047110935938907,0.012191868625046176,0.030142373664829636
2024-08-01,0.03115984670852101,0.06903378308010666,0.01660618587668794,-0.0453524222981363,0.010915359251578938,0.08533640462425174,0.03278509499718063,0.08716588894842503,-0.07802091213408102,0.04282965315468257,-0.04643377391581549,0.002396769741504823,0.000923467101700659,0.015433471729983328,0.05074447920838443,0.06224457153388241,0.0858557161960063,0.05457553926327896,0.19365384631634264,0.09788760090302362,-0.002892362790023695,0.05393396142067375,0.020082119137390997,-0.03669224721426334,0.07347413263698943,-0.07739046902676983,0.024368298775689468,0.03793616452730175,0.040275384653958746,-0.005481104128081671
2024-09-01,0.01864498184537844,0.005959867816738518,0.037936335799072074,0.043865556476496925,-0.026257611581858797,-0.03290469663026108,0.09834322812700869,-0.006566643568764685,0.006544326174622084,0.02128276628481318,0.012597596518783005,-0.02393135231788379,0.10627167402269855,-0.0003315894454045676,-0.01549461050922385,-0.0620105712215403,-0.00841723071227507,-0.0029063947669358825,-0.07587551542832371,0.09807981650609099,0.03340733573627963,0.0567316675591929,0.017341085556342506,-0.0024130374471472704,0.009677121155700519,0.22194201175563166,-0.009352748535721767,-0.03240504944568234,-0.003142953136075599,0.0018969343107162473
2024-10-01,-0.030429118717320458,0.03235787700708226,-0.08178537546293752,0.00037563497419568215,0.060802625492830664,-0.020292869551379766,-0.038146917103065614,-0.013919701061981926,0.010525089971597845,-0.0002602375700958559,0.03425646772191371,0.0458080509795189,-0.02825772073717614,-0.004982765611918016,-0.013575179455732167,0.05245175829075799,-0.08491886235808277,-0.040616905558062855,-0.06343550311013513,-0.007544167519575429,-0.05565877764493443,-0.06246306206855434,0.09330815123389402,-0.022114733183137836,-0.046304867682578466,-0.045025412068364634,-0.031091108798140032,-0.05846302912856538,0.05419153807978794,-0.003753608356430238
2024-11-01,0.05055100074310581,-0.09554728774698606,-0.014139647082741291,0.1152897328156477,0.1360592627268291,0.07118773758105079,0.08338419393566787,0.11176191421906045,0.08809288436436824,0.015442012104196934,-0.012739651038584099,0.1753220241112834,0.08985403042998241,0.13248732007651376,-0.03033912687370932,0.13216607416416637,-0.01883310791973447,0.010610579681771926,-0.04144678131264845,0.01187506368452551,0.04210654122441149,-0.007318575104065972,0.041352932180919844,-0.07385160511677202,0.09162100487553726,0.3814688622385134,0.08095672358082306,0.054250738575007285,0.08704506801224343,0.010104413811260482
2024-12-01,0.05631622527656077,-0.0285902439131398,-0.12244017757106496,0.05531771626226978,-0.07493152448877016,-0.06157093062567476,-0.10674450338681807,-0.05596625828123125,-0.09641520696933292,-0.07076526327565968,0.11701573694426104,-0.05907288859903548,-0.08876472504303257,-0.0254495609253389,-0.05954197845445097,-0.04008495331876616,-0.021032959746759672,-0.0918022893398931,-0.027750555127457055,0.01948400459522559,-0.0026362133485997585,-0.08261776310287938,-0.028643794398460987,0.02793124633927202,-0.06476618711413873,0.17000808915631316,-0.1709931036556379,-0.06793104516848769,0.004953929758436004,-0.080587309531156
2025-01-01,-0.057583344233335,0.034890463041590936,0.017354669265873035,0.08336748865953902,0.05932993677340703,0.033952556234299935,0.023927599990772208,0.06942279728624046,0.030033231984407438,0.03944678552997494,0.08082996459551572,0.12390871282668292,0.05910184391380868,-0.00960652094698633,0.052067518758854625,0.11509733730824201,0.019595372400103006,0.0687964259132885,0.050621818424360754,0.17800870643639444,-0.015278797258553745,-0.0018133614419825195,-0.10582868164369208,-0.000376813019228428,-0.009901700570648542,0.0018819576379678349,0.0765246629690739,0.09287744042565182,0.08150852496242145,-0.00687916462623539
2025-02-01,0.024745733199221798,0.14736909359567996,0.11175981393259549,-0.10686635257151178,-0.004319574412602112,0.09635778344729262,-0.07061457876169641,0.07014120265473367,0.06320807363338998,0.04911166252395138,-0.1623540726933831,-0.028279232120565045,-0.037331888912701006,-0.0484087372664761,0.08458758785479215,-0.00480052546578591,0.12177049596147316,0.04691564731374265,0.13506681008100307,-0.030441913778291085,-0.043535855985871175,-0.01942422463658311,0.0403931058066469,0.013082229769294518,0.0536781292152575,-0.2758773935575025,-0.12448165078034401,-0.004439151360408289,0.06117613236773445,0.0421229285196989
2025-03-01,-0.08049023513573206,0.0023441836744553246,0.058262832015627763,-0.1037309421475675,-0.09479403161461353,0.03649066690613667,-0.04113963263756448,-0.09706654750277444,0.06635664751611325,0.04773942490413674,-0.09284627241870569,-0.11777657336539837,-0.07592044467447445,-3.162757615393641e-05,0.013013450984983299,-0.07311540855337095,0.005757619575306849,-0.0030189216809883845,-0.10133998957113888,-0.13744391986823234,-0.052513361247237045,0.01858489184813883,-0.13240475359739778,-0.04124102965824772,-0.019673333813088778,-0.11543452131892018,0.10272442438579832,-0.03709585038997787,-0.032147633812478316,0.07782090008247478
2025-04-01,-0.043352954219933904,-0.06882407531931256,0.03589151626279574,-0.030694820280155133,-0.03830160070883426,0.0012579948339352942,-0.062249922438538,0.051512944095310376,-0.1866817571447199,0.00040984134774602055,0.03100088747773344,0.002306371270806684,-0.010129297457352804,-0.005903141896883679,-0.05746499322245069,-0.00277213422879774,0.020460717848827636,-0.02340457705649679,0.08843578386503226,-0.04662284619832169,0.05293166193248733,-0.05656631098532372,0.005074878898776447,-0.03670081345996312,-0.04606263864119786,0.08874826236685496,-0.21107712771718068,-0.08711479760325125,-0.014152811116042052,-0.11183060717176163
2025-05-01,-0.054823566795346945,-0.037263223715943594,-0.039900305850824824,0.1116473080052216,0.10656976712910904,-0.054927348419919086,0.130745900848229,0.04593267561493941,0.004703829935048587,-0.03524007362468873,0.07433658553297762,0.09661238162302621,0.021637207779566126,0.07681710688116317,-0.007037248602860036,0.08587254143895628,-0.006202753939644756,0.031661510547513094,-0.17940934520015428,0.17939883405997348,0.16470163447577102,0.05622006168974658,0.24063549928333217,-0.03768955700047005,0.05154080545333861,0.2278848417863253,-0.26621129851839354,0.02782159347779034,0.056989854464010836,-0.03152497899363227
2025-06-01,0.022848126976281247,-0.0026328111818324507,0.029676315601318226,0.07014294555445688,0.07228631228378446,-0.03609413991155619,0.11544976597978485,-0.04705935529156524,0.060234894064146394,0.011495415248103935,0.0262655140624779,0.18457453392530332,-0.004480145447130934,0.032646040588850456,-0.007412502559084322,0.09814391751226359,-0.01872396915655028,0.003421872319995911,0.058912462253554176,0.13992505117733156,0.08246415542920893,-0.017270830434768625,0.1691704144008772,0.05161485088253204,-0.062216674562195484,-0.08312644606383923,0.03332102431666506,0.04427496858791913,-0.02615168378176813,0.06346876687943714
2025-07-01,0.011697626382002113,0.018317051453230926,-0.0497236172936536,0.06709513314943583,0.004830122662101699,-0.028593746927557562,0.128306861699786,-0.05081109474865653,0.05901238623652727,0.030847410153275856,0.08851579218944838,0.022380827129672376,0.008602248907778831,-0.04521640566665375,0.07849430959496839,0.021834205000266227,-0.03360139900877657,-0.01588307784882248,-0.05062028797684626,0.048700077592698454,0.07255571507427194,0.03190705355271506,0.12590882138538273,-0.03919141632881251,-0.05554871322334021,-0.02955995259140498,-0.19437257682520814,-0.035248579283797876,-0.026982175155343846,0.03562152093207471
2025-08-01,0.11836973514919635,0.12272365016521514,-0.021786014617220184,-0.021827348669553603,0.07340812399546826,0.06590659867276871,-0.039826780986332855,0.0039163528946521975,0.05908746000830267,0.006987850805974416,0.1071761277653529,0.029934019683065527,0.10682703107101932,-0.012817641277266811,0.07545219399206737,0.02238792725105121,0.016202609723242167,0.03917348916906804,-0.010120587576624929,-0.04491617460361408,-0.050252980882308895,0.013932078007792281,-0.020745518363826654,0.08146152326982681,0.05080038420695354,0.08304410748975077,0.24166533600024276,0.007208168222204714,0.01826491295486221,0.02373696505151357
2025-09-01,0.09812609835014041,0.10047522204944781,-0.05656122222037396,-0.04117900731782209,0.01675198662555566,-0.0004771973969351917,0.13867403558055869,-0.017393504168596752,-0.022299651704657864,0.01902035134326585,0.14058920309985656,0.07428776909359103,-0.003884271030092812,-0.036009993589855016,0.05424730488639673,0.04647985631500573,-0.038701236747898826,-0.006878723689665134,0.04381203199853112,-0.0058481077152320315,0.02390314602759691,0.055846595439082325,0.07119078208205742,0.0290791378155828,-0.021586802912194503,0.33201547825406585,0.11433825802841602,0.06385546067330838,-0.027856332752138724,-0.004294473574633417
2025-10-01,0.06181520766834603,-0.05830527890932491,-0.06115985338273899,0.11226484981660545,0.04181635959916585,-0.05012527783537768,0.20980828317233313,-0.015319315806756717,0.015648265431278174,0.00444445475794053,0.15816836753211305,-0.00876488039355594,-0.057865417567891986,0.014779724327867338,0.018606438259735736,-0.013663863442836544,0.046869909124118925,-0.1165595515333625,0.13087812486433603,-0.11655062512646941,-0.00027038377100996325,0.07828857285867752,0.08533295707598976,-0.0325744775091692,-0.02134719192026202,0.026623485126352042,-0.004590528883968714,-0.06769046964310976,-0.0018747635633891147,0.014279376957383905
2025-11-01,0.031364342326003936,0.051832344341735004,0.012794653719687465,-0.04504135592915348,0.0037418469724912473,0.07595172836761388,0.00026717521891805873,0.00376606117290601,-0.041782967821064276,-0.0028962028111224614,0.13590221813544767,0.04645471214899444,-0.0597223224597313,-0.04539809214780377,0.09556832439015417,0.011192248930981696,0.06124818688458067,-0.01907721940179885,0.24640133015006338,-0.0006168887195739936,-0.049825143993146415,0.060073653805831295,-0.1258828143464189,0.04421899054207423,-0.007806858078155066,-0.05780178787448975,-0.0345181705927069,0.05200345040684251,-0.018489085420151374,0.013641114780756913
2025-12-01,-0.02412216367766773,0.003469503170660637,-0.03144476458126,-0.010290686407351424,0.02516296839419785,-0.02172009831481858,-0.00501950848206445,-0.05609740737415736,0.019732645895138567,-0.04608033192166683,-0.01974259489214425,0.06411311310735957,-0.03591839125000007,0.021169047366781824,0.006495201581331322,0.02919376431523979,-0.04390040103062309,0.039164541511824025,0.000733148264349115,0.0187359505610718,-0.015212806640997223,-0.06334898362150798,0.05367243523743137,-0.015600134171238511,-0.03273488152689907,0.045447119005781245,0.001030989685314898,-0.0021998724105946055,0.05072557572966585,0.04720982484487446
2026-01-01,-0.045538085253494565,-0.023983580878812916,0.03106719548357173,0.036738564502459825,-0.027700546689765515,-0.04400675497022466,0.14748539513385128,0.09034712531744948,0.16068496243117503,0.03532118544424878,0.07951213493407461,0.0694508893393826,0.09564879132693038,0.16623106516887143,0.09809126944006041,-0.050679636661393634,0.07760606639694423,0.07566542985165792,-0.034922079710004716,0.08634336825985556,-0.11027253387667912,0.09491783572733348,0.024882737862960802,0.06184736469468888,0.05903282965212053,-0.04293782243658151,-0.12496079502438207,0.022286332467833958,-0.08234727196630054,0.17500408136799028
2026-02-01,0.01811303173736656,0.049043833265446146,0.07016957961451409,-0.12244046250772744,-0.06334584805733334,0.050818915551098076,0.13266408867515023,0.0764912951312573,0.05573770663148281,0.07828605240518449,-0.0800520191802685,-0.08107671471311839,0.016364572366529773,0.07063110560299268,0.09320129245382547,-0.013846264958443544,0.09022857033717813,0.11184535641403892,0.014308356723557791,-0.09535246285859755,-0.08726677137036687,0.06678034696931845,-0.07293461878268304,0.06328166944630853,0.10948879791856414,-0.06482189925675397,0.022095931107805278,0.12709481670588296,-0.005251159965611207,0.07850082429591576
2026-03-01,-0.03843027726328141,-0.06286625460440987,-0.10048992123924883,-0.008238074893043179,-0.021673688137673675,-0.05099514680166484,-0.046268992025537026,-0.014206749218772075,0.11867618760669552,0.009210549682246105,-0.07889413688543578,-0.015798602473598766,-0.13613677409088554,-0.06748150414896426,-0.010830062316096956,-0.02044621075906372,-0.06755755833820276,-0.024248133101669844,-0.12422627796784158,-0.1173284956990569,-0.05531667959112452,-0.0027373598419907497,-0.015745934099549275,0.015551542167894006,-0.136124362847016,-0.07642048401115797,-0.07733487196637234,-0.07959885270716538,-0.05396625781963271,0.11993997622497665
2026-04-01,0.06919119500662907,-0.028369112408195507,0.058697407484733954,0.27267485533749536,0.10281465966806524,-0.011686156011816218,0.25640107815445945,0.018164927743801407,-0.06568388950600901,-0.010615544247224551,0.3323888923606635,0.09768622113342795,0.0064100725842195505,-0.05176302708237612,-0.05968743328493431,0.06482876459495746,0.042755451186945015,0.014247455943789955,0.01612354799544935,0.07044533176649104,0.10160192340621577,0.0538329042620207,0.1443854544010037,-0.04914526683496123,0.018346672842822098,0.026577013807162153,0.37980064767116173,0.11070817084209006,0.09131818274260528,-0.0903571938002874
