,AAPL,AMT,AMZN,BAC,CAT,CVX,DUK,GOOGL,GS,HD,HON,JNJ,JPM,KO,LIN,META,MSFT,NEE,NVDA,PFE,PG,PLD,SHW,SLB,TSLA,UNH,UPS,VZ,WMT,XOM
2019-06-01,0.0333333332,0.0333333332,0.1500000009,0.0333333332,0.0333333332,0.0333333332,0.0,0.0333333332,0.0333333332,0.0333333332,0.0333333332,0.016666667100000004,0.0333333332,0.0,0.0333333332,0.0333333332,0.05000000030000001,0.0333333332,0.1500000009,0.0333333332,0.0333333332,0.0333333332,0.0333333332,0.0,0.0,0.0333333332,0.0,0.0,0.0333333332,0.0
2019-09-01,0.0999999999,0.11666666988333332,0.14999999984999998,0.033333332966666664,0.033333332966666664,0.0,0.0,0.0,0.0,0.033333332966666664,0.0,0.0,0.033333332966666664,0.0,0.03333333396666666,0.0,0.14999999984999998,0.033333332966666664,0.14999999984999998,0.0,0.0,0.033333332966666664,0.033333332966666664,0.0,0.0,0.033333332966666664,0.0,0.0,0.033333332966666664,0.0
2019-12-01,0.10000000020000001,0.1500000003,0.1500000003,0.0,0.0,0.0,0.0,0.0,0.0,0.0,0.0,0.0,0.0,0.0,0.0,0.0,0.1500000003,0.033333333066666665,0.1500000003,0.0,0.0,0.016666665033333333,0.1500000003,0.0,0.10000000020000001,0.0,0.0,0.0,0.0,0.0
2020-03-01,0.1,0.15,0.15,0.0,0.0,0.0,0.0,0.0,0.0,0.0,0.0,0.0,0.0,0.0,0.0,0.0,0.15,0.15,0.15,0.0,0.0,0.0,0.0,0.0,0.15,0.0,0.0,0.0,0.0,0.0
2020-06-01,0.1,0.15,0.15,0.0,0.0,0.0,0.0,0.0,0.0,0.0,0.0,0.0,0.0,0.0,0.0,0.0,0.15,0.15,0.15,0.0,0.0,0.0,0.0,0.0,0.15,0.0,0.0,0.0,0.0,0.0
2020-09-01,0.15,0.0,0.15,0.0,0.0,0.0,0.0,0.0,0.0,0.1,0.0,0.0,0.0,0.0,0.0,0.0,0.1,0.15,0.15,0.0,0.0,0.0,0.05,0.0,0.15,0.0,0.0,0.0,0.0,0.0
2020-12-01,0.15,0.0,0.15,0.0,0.0,0.0,0.0,0.0,0.0,0.0,0.0,0.0,0.0,0.0,0.0,0.0,0.1,0.15,0.15,0.0,0.0,0.0,0.15,0.0,0.15,0.0,0.0,0.0,0.0,0.0
2021-03-01,0.15,0.0,0.15,0.0,0.0,0.0,0.0,0.0,0.0,0.0,0.0,0.0,0.0,0.0,0.0,0.0,0.1,0.15,0.15,0.0,0.0,0.0,0.15,0.0,0.15,0.0,0.0,0.0,0.0,0.0
2021-06-01,0.15,0.0,0.15,0.0,0.0,0.0,0.0,0.0,0.0,0.0,0.0,0.0,0.0,0.0,0.0,0.0,0.1,0.0,0.15,0.0,0.0,0.0,0.15,0.0,0.15,0.0,0.15,0.0,0.0,0.0
2021-09-01,0.15,0.0,0.0,0.0,0.0,0.0,0.0,0.15,0.0,0.0,0.0,0.0,0.0,0.0,0.0,0.1,0.1,0.0,0.15,0.0,0.0,0.0,0.15,0.0,0.15,0.0,0.05,0.0,0.0,0.0
2021-12-01,0.15,0.0,0.0,0.0,0.0,0.0,0.0,0.15,0.0,0.0,0.0,0.0,0.0,0.0,0.0,0.15,0.1,0.0,0.15,0.0,0.0,0.0,0.15,0.0,0.15,0.0,0.0,0.0,0.0,0.0
2022-03-01,0.15,0.0,0.0,0.0,0.0,0.0,0.0,0.15,0.0,0.0,0.0,0.0,0.0,0.0,0.0,0.0,0.1,0.0,0.15,0.0,0.0,0.1,0.05,0.0,0.15,0.0,0.15,0.0,0.0,0.0
2022-06-01,0.15,0.0,0.0,0.0,0.0,0.0,0.0,0.15,0.0,0.0,0.0,0.0,0.0,0.0,0.0,0.0,0.1,0.0,0.15,0.0,0.0,0.0,0.0,0.15,0.15,0.0,0.15,0.0,0.0,0.0
2022-09-01,0.15,0.0,0.0,0.0,0.0,0.0,0.0,0.0,0.0,0.0,0.0,0.0,0.0,0.0,0.0,0.0,0.1,0.0,0.15,0.0,0.0,0.0,0.0,0.15,0.15,0.15,0.15,0.0,0.0,0.0
2022-12-01,0.15,0.0,0.0,0.0,0.0,0.1,0.0,0.0,0.0,0.0,0.0,0.0,0.0,0.0,0.0,0.0,0.0,0.0,0.15,0.0,0.0,0.0,0.0,0.15,0.15,0.15,0.0,0.0,0.0,0.15
2023-03-01,0.15,0.0,0.0,0.0,0.0,0.1,0.0,0.0,0.0,0.0,0.0,0.0,0.0,0.0,0.0,0.0,0.0,0.0,0.15,0.0,0.0,0.0,0.0,0.15,0.15,0.0,0.15,0.0,0.0,0.15
2023-06-01,0.15,0.0,0.0,0.0,0.0,0.1,0.0,0.0,0.0,0.0,0.0,0.0,0.0,0.0,0.0,0.0,0.0,0.0,0.15,0.0,0.0,0.0,0.0,0.15,0.15,0.0,0.15,0.0,0.0,0.15
2023-09-01,0.05,0.0,0.0,0.0,0.15,0.1,0.0,0.0,0.1,0.0,0.0,0.0,0.0,0.0,0.0,0.0,0.0,0.0,0.15,0.0,0.0,0.0,0.0,0.15,0.15,0.0,0.0,0.0,0.0,0.15
2023-12-01,0.0,0.0,0.0,0.0,0.15,0.1,0.0,0.0,0.0,0.0,0.0,0.0,0.0,0.0,0.0,0.0,0.15,0.0,0.15,0.0,0.0,0.0,0.0,0.15,0.15,0.0,0.0,0.0,0.0,0.15
2024-03-01,0.0,0.0,0.0,0.0,0.15,0.1,0.0,0.0,0.0,0.0,0.0,0.0,0.0,0.0,0.0,0.15,0.15,0.0,0.15,0.0,0.0,0.0,0.0,0.15,0.0,0.0,0.0,0.0,0.0,0.15
2024-06-01,0.0,0.0,0.0,0.0,0.15,0.1,0.0,0.0,0.0,0.0,0.0,0.0,0.0,0.0,0.0,0.15,0.15,0.0,0.15,0.0,0.0,0.0,0.0,0.15,0.0,0.0,0.0,0.0,0.0,0.15
2024-09-01,0.0,0.0,0.0,0.0,0.15,0.1,0.0,0.0,0.0,0.0,0.0,0.0,0.0,0.0,0.0,0.15,0.0,0.0,0.15,0.0,0.0,0.0,0.0,0.15,0.0,0.0,0.0,0.0,0.15,0.15
2024-12-01,0.0,0.0,0.0,0.0,0.15,0.1,0.0,0.0,0.0,0.0,0.0,0.0,0.0,0.0,0.0,0.15,0.0,0.0,0.15,0.0,0.0,0.0,0.0,0.15,0.0,0.0,0.0,0.0,0.15,0.15
2025-03-01,0.0,0.0,0.0,0.0,0.15,0.0,0.0,0.0,0.1,0.0,0.0,0.0,0.15,0.0,0.0,0.15,0.0,0.0,0.15,0.0,0.0,0.0,0.0,0.0,0.0,0.0,0.0,0.0,0.15,0.15
2025-06-01,0.0,0.0,0.0,0.0,0.1,0.0,0.0,0.0,0.15,0.0,0.0,0.0,0.15,0.0,0.0,0.15,0.0,0.0,0.15,0.0,0.0,0.0,0.0,0.0,0.15,0.0,0.0,0.0,0.15,0.0
2025-09-01,0.0,0.0,0.0,0.0,0.15,0.0,0.0,0.0,0.15,0.0,0.0,0.0,0.15,0.0,0.0,0.15,0.0,0.0,0.15,0.0,0.0,0.0,0.0,0.0,0.1,0.0,0.0,0.0,0.15,0.0
2025-12-01,0.0,0.0,0.0,0.0,0.15,0.0,0.0,0.15,0.1,0.0,0.0,0.0,0.15,0.0,0.0,0.15,0.0,0.0,0.15,0.0,0.0,0.0,0.0,0.0,0.15,0.0,0.0,0.0,0.0,0.0
